user_id,Age,Gender,Country,is_plus
13391811,32,Male,India,True
3141629,31,Male,India,False
6485773,31,Male,India,False
21554807,22,Male,India,False
15746085,32,Female,India,False
24472163,20,Male,India,True
9674437,54,Male,India,False
20446171,28,Female,India,False
21512639,23,Male,India,False
20777821,23,Male,India,False
24108545,29,Male,India,True
23334673,24,Male,India,False
24293471,19,Male,India,False
19321369,23,Male,India,True
17019715,23,Male,India,False
21156469,21,Male,India,False
16469075,23,Female,India,False
20810409,20,Female,India,False
22836177,26,Male,India,False
24364319,24,Male,India,True
21300771,20,Male,India,False
24344291,28,Male,India,False
23882071,37,Male,India,False
21428735,24,Male,India,False
24628597,28,Male,India,True
8546121,42,Male,India,False
24157017,20,Female,India,False
22692647,26,Male,India,True
18721503,22,Male,India,False
8140165,34,Female,India,False
24342695,18,Male,India,False
22507053,19,Male,India,False
24670329,20,Male,India,False
17170245,24,Male,India,True
23935871,22,Male,India,False
21003283,35,Male,India,False
24623537,22,Male,India,True
11051583,22,Male,India,False
17259261,24,Male,India,False
22182695,19,Male,India,False
12656271,24,Male,India,False
24544857,25,Female,India,False
14092445,26,Male,India,False
23931401,27,Male,India,True
22804157,27,Male,India,False
19721341,21,Male,India,False
24626903,18,Male,India,False
4897197,47,Male,India,False
21620383,35,Male,India,False
11743727,35,Male,India,False
2600001,36,Male,India,False
23599351,25,Male,India,False
23062361,21,Male,India,True
19659887,20,Male,India,False
24658035,20,Male,India,False
17395293,38,Female,India,False
22676665,48,Male,India,False
18781637,55,Female,India,True
20951627,20,Male,India,True
24550363,22,Male,India,False
23845183,22,Male,India,False
24382447,20,Female,India,False
22790303,18,Male,India,False
22773891,22,Male,India,False
24007627,35,Male,India,False
7388695,36,Female,India,True
9007337,27,Female,India,False
19218525,31,Female,India,True
19181073,23,Male,India,False
10700245,26,Male,India,False
23390491,23,Male,India,False
23946449,19,Male,India,False
24519775,21,Male,India,True
4812303,25,Male,India,False
12825047,21,Male,India,False
12480809,25,Male,India,True
24635723,20,Male,India,True
22621897,21,Male,India,False
24636093,38,Male,India,False
24618637,22,Male,India,True
24356765,23,Male,India,True
7356601,36,Male,India,False
24445319,25,Male,India,False
20150005,59,Male,India,False
24001041,18,Female,India,False
15965111,39,Male,India,False
22772329,19,Female,India,False
20314747,19,Male,India,False
15553307,56,Female,India,False
24585525,25,Female,India,False
9962455,35,Male,India,False
14814299,25,Female,India,False
16275993,21,Male,India,False
18494891,48,Female,India,False
19230081,24,Female,India,False
20883327,20,Female,India,False
24436469,24,Female,India,False
19703851,33,Male,India,True
22322035,27,Male,India,False
23287145,30,Male,India,True
17432141,24,Male,India,True
18476469,21,Female,India,False
7624569,30,Male,India,False
23915897,22,Male,India,False
7617509,29,Male,India,False
24674613,22,Male,India,False
24488717,20,Male,India,True
3991587,45,Male,India,False
24624747,24,Male,India,False
21845171,20,Male,India,False
15023337,38,Male,India,False
24405587,21,Female,India,True
23513633,20,Male,India,False
22910619,36,Female,India,False
793409,33,Male,India,False
24196011,25,Female,India,False
24648855,25,Male,India,True
19125641,35,Female,India,False
11348935,33,Male,India,False
14321715,25,Male,India,True
24565079,22,Female,India,False
22727435,18,Male,India,False
23471799,21,Male,India,False
17549967,20,Female,India,False
20475649,24,Female,India,False
24497787,33,Female,India,False
23673665,20,Male,India,True
16968185,24,Female,India,True
24674275,23,Male,India,False
2741477,44,Female,India,False
23385179,20,Male,India,False
14111479,30,Female,India,False
24390789,18,Male,India,True
24432059,22,Male,India,False
21582681,26,Female,India,False
10501613,23,Male,India,False
7472695,25,Male,India,False
18609361,31,Male,India,False
21766219,22,Male,India,False
23606071,22,Male,India,True
9495827,31,Male,India,False
21084825,18,Female,India,False
18353175,30,Male,India,False
12878431,38,Female,India,False
4150399,26,Male,India,False
5061245,38,Female,India,False
16798051,25,Female,India,False
15183311,30,Male,India,True
11674983,21,Male,India,False
24484619,20,Female,India,False
9764883,50,Male,India,False
12850921,28,Female,India,False
24047845,33,Male,India,False
24531841,23,Male,India,False
23144147,50,Male,India,True
20136973,32,Male,India,False
23337851,33,Male,India,False
22377385,28,Male,India,False
23574335,22,Female,India,True
21913339,23,Male,India,True
7329643,45,Male,India,False
18421149,37,Female,India,False
24171595,19,Female,India,False
24671405,18,Male,India,False
11473759,34,Male,India,False
24455177,25,Male,India,False
24259315,19,Male,India,False
24584313,44,Male,India,False
11820305,57,Male,India,False
19294269,22,Male,India,False
9940179,31,Male,India,False
22963179,20,Male,India,True
23433771,28,Male,India,False
19863061,31,Male,India,False
20245289,40,Male,India,False
24542039,46,Male,India,False
24397761,21,Female,India,False
24328995,29,Female,India,False
24391325,21,Male,India,False
23769245,23,Male,India,True
23211635,22,Female,India,False
24449769,33,Male,India,False
18596827,29,Female,India,False
6926477,33,Male,India,False
22419397,19,Male,India,False
15037073,34,Male,India,True
22617553,35,Male,India,False
18290085,22,Male,India,False
22767305,26,Male,India,True
24545473,25,Male,India,False
19858765,43,Female,India,False
19058281,32,Male,India,False
13117203,21,Male,India,False
23150685,20,Female,India,False
18081821,47,Female,India,False
22315079,27,Male,India,False
24531315,26,Male,India,False
22058921,21,Male,India,False
11208251,59,Male,India,False
24464229,39,Female,India,True
23418531,30,Male,India,False
12350211,26,Male,India,False
16898801,35,Male,India,False
8213983,28,Male,India,False
23609467,35,Male,India,False
24046043,19,Female,India,False
23712301,18,Male,India,False
17709779,33,Male,India,False
19400333,22,Male,India,False
24034533,42,Female,India,False
20022631,49,Female,India,False
18735817,23,Female,India,False
10129465,54,Female,India,False
24640551,20,Female,India,False
21961225,21,Male,India,False
23081987,31,Male,India,False
16706333,41,Male,India,False
7937205,26,Male,India,True
24549215,29,Male,India,True
17393263,29,Male,India,True
20340169,27,Male,India,False
23027129,24,Female,India,False
18364949,21,Male,India,False
22200867,38,Male,India,False
12041273,21,Male,India,False
19921149,40,Female,India,False
23634591,26,Male,India,False
24480507,22,Female,India,True
17038057,19,Male,India,True
20520469,29,Male,India,False
5465173,25,Male,India,True
24466315,32,Male,India,False
13326149,26,Male,India,False
24426651,28,Female,India,False
24607615,40,Male,India,False
6482665,30,Male,India,True
18288833,27,Male,India,False
17260975,39,Female,India,False
17169023,20,Male,India,False
24502001,35,Male,India,False
1415958,39,Male,India,False
22953553,23,Female,India,False
22764959,36,Male,India,False
24619519,19,Male,India,True
14673415,41,Male,India,False
24517049,23,Male,India,False
23992109,35,Male,India,False
23190791,20,Male,India,False
23317565,28,Male,India,False
10206517,49,Male,India,False
24583159,25,Male,India,False
15332401,34,Male,India,False
18910627,19,Male,India,False
22800729,29,Male,India,False
7508017,25,Male,India,False
22870629,21,Male,India,False
21227847,21,Male,India,False
11113963,29,Male,India,False
24613331,22,Male,India,False
23874645,26,Male,India,False
23639159,37,Male,India,True
17119981,33,Male,India,False
17230921,25,Male,India,True
23248301,26,Male,India,False
7711941,44,Female,India,False
12315069,29,Male,India,False
20028417,27,Female,India,True
6517685,50,Female,India,False
21559499,20,Male,India,False
22744221,19,Male,India,True
12328085,30,Male,India,False
24101635,22,Female,India,True
11069859,24,Male,India,False
17557419,29,Male,India,False
17852199,20,Male,India,False
12771043,20,Male,India,True
23268905,30,Female,India,False
22754865,20,Male,India,False
19677041,26,Male,India,False
2116870,39,Male,India,False
24576393,23,Male,India,True
18612897,27,Female,India,True
2666350,48,Female,India,False
19175397,29,Female,India,False
24357157,23,Female,India,False
24486961,21,Male,India,False
22770695,19,Male,India,False
24540777,22,Male,India,True
23081433,23,Female,India,False
23317939,27,Male,India,False
22561245,26,Male,India,True
22662355,32,Male,India,False
21271451,38,Male,India,False
18294465,21,Male,India,False
24516377,21,Female,India,False
12165263,35,Male,India,False
23285483,23,Male,India,False
22797609,29,Female,India,False
17572273,25,Female,India,False
7685795,53,Female,India,False
24405267,22,Male,India,True
5680029,25,Male,India,False
17773423,24,Male,India,True
22928819,23,Female,India,True
23122233,21,Male,India,False
24186359,18,Male,India,False
23459113,18,Female,India,False
24590745,22,Male,India,False
22314303,24,Male,India,True
8228231,40,Male,India,False
3175319,32,Male,India,False
22860215,47,Male,India,False
15862267,29,Male,India,False
24392545,25,Female,India,False
14403845,45,Male,India,False
10718653,43,Male,India,False
23395685,27,Male,India,False
5187545,32,Female,India,False
15737101,26,Male,India,True
4521049,40,Male,India,False
12916299,24,Male,India,True
24626881,20,Male,India,False
24566537,20,Female,India,False
19219863,29,Male,India,False
24091371,23,Male,India,False
21385103,22,Male,India,True
24637309,18,Male,India,False
24298635,18,Male,India,False
22758027,29,Male,India,False
21864745,23,Female,India,False
23027993,28,Male,India,False
23111753,20,Male,India,False
23977419,25,Male,India,False
24607697,21,Female,India,False
23869265,25,Female,India,False
17482125,26,Male,India,False
10907943,51,Female,India,False
11173927,33,Female,India,True
22766707,25,Female,India,False
11997861,31,Male,India,True
23851457,35,Male,India,False
9930483,36,Male,India,True
2967651,28,Male,India,False
20566699,23,Male,India,True
2200678,41,Male,India,False
24637343,20,Male,India,False
21280487,26,Female,India,False
17969075,24,Female,India,False
5987143,30,Male,India,False
13402239,37,Male,India,False
10330113,24,Male,India,False
22196739,27,Male,India,True
13666823,30,Male,India,True
25067017,27,Female,India,False
11654683,26,Male,India,False
25096737,38,Male,India,False
23248933,20,Male,India,False
24889381,21,Female,India,True
23744551,23,Male,India,True
7723051,31,Male,India,False
3259439,32,Male,India,False
24127537,29,Male,India,False
24336945,24,Male,India,False
24849459,20,Male,India,False
23451191,20,Male,India,False
21327935,19,Male,India,False
22690367,21,Male,India,True
25197639,27,Male,India,False
20529737,35,Male,India,False
7614539,27,Male,India,False
25186387,21,Male,India,True
17125973,26,Male,India,True
25242201,20,Male,India,False
24658539,34,Male,India,False
25043067,23,Male,India,True
25211517,21,Male,India,True
22060673,32,Male,India,False
20075653,24,Male,India,False
25204871,21,Male,India,False
24054923,45,Male,India,False
25205399,34,Male,India,True
24023195,19,Male,India,True
23125663,22,Female,India,False
22585505,32,Male,India,True
9160359,27,Male,India,False
17746599,41,Male,India,True
16778431,23,Male,India,False
25056447,26,Male,India,True
22314181,43,Female,India,False
16825549,35,Male,India,False
4193485,34,Male,India,True
23464657,23,Female,India,False
13783277,24,Male,India,False
25155827,19,Male,India,False
21006585,22,Male,India,False
24545017,25,Male,India,False
21317371,22,Male,India,False
7632139,33,Male,India,True
25071893,29,Female,India,False
22217495,21,Male,India,False
10821399,44,Male,India,False
25060129,23,Male,India,True
22835489,19,Male,India,True
25228583,26,Male,India,False
13281067,37,Male,India,False
3846445,29,Male,India,False
4097329,31,Male,India,True
15922993,65,Male,India,False
10697011,29,Male,India,True
25192245,28,Male,India,False
20033345,21,Male,India,False
25158467,22,Male,India,False
24736067,46,Female,India,False
6618439,27,Male,India,True
24969039,19,Male,India,False
24599891,35,Male,India,False
23546197,27,Male,India,True
22877023,23,Male,India,False
16521057,32,Male,India,False
23542119,31,Male,India,False
22067561,40,Male,India,False
7231851,25,Male,India,False
23329645,21,Female,India,False
22538607,23,Female,India,False
17270129,21,Male,India,False
24500595,22,Male,India,True
25100161,26,Male,India,False
24748421,31,Female,India,False
18829189,37,Male,India,False
25237381,24,Male,India,True
13844873,24,Male,India,False
24798097,31,Male,India,False
25224089,20,Male,India,True
15059353,23,Male,India,False
22591897,24,Male,India,False
12908453,34,Male,India,True
23584677,30,Male,India,False
20884403,30,Female,India,False
25025973,21,Male,India,False
25172415,48,Male,India,False
24987595,20,Male,India,True
23341003,25,Male,India,False
17815499,28,Male,India,False
24906705,26,Male,India,True
20775899,50,Male,India,False
22950881,20,Male,India,False
25230305,20,Female,India,False
23561199,22,Male,India,False
8845303,35,Male,India,False
10198623,25,Male,India,False
11191201,25,Male,India,True
11819073,31,Female,India,False
13569443,30,Male,India,False
14146409,25,Male,India,True
15497211,33,Male,India,False
15533591,23,Male,India,False
15801583,28,Male,India,False
15916569,31,Male,India,False
15935721,57,Male,India,False
16369891,23,Male,India,False
17434283,26,Female,India,False
19007451,27,Male,India,False
19251559,31,Male,India,False
19287313,23,Male,India,True
19613605,20,Male,India,False
19937517,26,Male,India,True
20368333,38,Male,India,False
20856307,22,Female,India,False
2092446,47,Male,India,True
21170781,26,Male,India,True
21176811,22,Male,India,False
21246589,48,Male,India,False
21303137,24,Male,India,False
21623991,49,Female,India,False
22753487,34,Male,India,False
22788581,22,Male,India,True
22807303,23,Female,India,False
22807351,19,Female,India,False
22855263,26,Female,India,False
22898515,25,Male,India,False
22944081,21,Female,India,False
2304721,32,Male,India,False
23200069,22,Male,India,False
23291281,21,Male,India,False
23639081,26,Male,India,False
23670223,26,Male,India,False
23741573,27,Male,India,False
23874685,27,Male,India,True
24173643,22,Male,India,False
24336539,33,Male,India,False
24403783,20,Female,India,False
24465843,30,Female,India,True
24466057,22,Male,India,False
24715107,21,Male,India,False
24734005,19,Male,India,False
24756461,24,Male,India,False
24756871,27,Male,India,True
24817655,25,Male,India,False
24825865,21,Female,India,False
24841887,21,Female,India,False
24942401,28,Male,India,False
24959333,25,Male,India,False
25080865,22,Female,India,False
25139429,24,Male,India,True
25139607,27,Female,India,False
25155165,20,Male,India,False
25171671,43,Female,India,False
25175189,24,Male,India,False
25266269,36,Male,India,False
25274711,21,Male,India,False
25291715,33,Male,India,True
25297497,30,Female,India,False
25342865,19,Female,India,False
25348277,18,Male,India,False
25361437,23,Male,India,False
25363803,34,Male,India,False
25364521,19,Male,India,False
25367329,22,Male,India,True
25369159,22,Male,India,True
25392645,22,Male,India,True
25402929,19,Male,India,False
25412351,20,Female,India,False
25412443,22,Male,India,False
25417647,24,Male,India,False
25426015,38,Male,India,False
25429981,19,Female,India,False
25443443,24,Male,India,False
25450155,45,Male,India,False
25452781,19,Male,India,False
25454849,29,Male,India,True
25456409,21,Female,India,False
25461071,31,Male,India,False
25470083,23,Male,India,False
25477289,32,Male,India,False
25489059,25,Male,India,False
25496163,19,Male,India,False
25505965,19,Male,India,False
25513285,20,Male,India,False
25514819,25,Male,India,False
25525483,21,Female,India,False
25525573,22,Female,India,True
25525639,20,Male,India,True
25529199,24,Male,India,False
25537221,19,Male,India,False
25537241,45,Male,India,False
25540121,21,Male,India,False
25542569,22,Male,India,True
25550901,21,Male,India,False
3317971,31,Male,India,False
4929915,32,Female,India,False
5345645,26,Male,India,False
5445349,27,Female,India,False
7297819,32,Male,India,False
7468825,24,Male,India,False
7946333,30,Male,India,False
9066243,27,Male,India,False
9596017,24,Male,India,False
